{
  "models": [
    "gemma-3-4b-it",
    "gemma-3-4b-it-qlora-finetune",
    "medgemma-4b-it"
  ],
  "order": {
    "base": "gemma-3-4b-it",
    "finetune": "gemma-3-4b-it-qlora-finetune",
    "medgemma": "medgemma-4b-it"
  },
  "metrics": {
    "gemma-3-4b-it": {
      "test_id": {
        "accuracy": 0.46153846153846156,
        "parse_success_rate": 0.9974570883661793,
        "n": 1573,
        "n_correct": 726,
        "n_parsed": 1569,
        "by_subject": {
          "Dental": {
            "accuracy": 0.38764044943820225,
            "n": 178,
            "n_correct": 69
          },
          "Pediatrics": {
            "accuracy": 0.44171779141104295,
            "n": 163,
            "n_correct": 72
          },
          "Gynaecology & Obstetrics": {
            "accuracy": 0.3767123287671233,
            "n": 146,
            "n_correct": 55
          },
          "Medicine": {
            "accuracy": 0.47183098591549294,
            "n": 142,
            "n_correct": 67
          },
          "Pharmacology": {
            "accuracy": 0.5403225806451613,
            "n": 124,
            "n_correct": 67
          },
          "Surgery": {
            "accuracy": 0.375,
            "n": 120,
            "n_correct": 45
          },
          "Anatomy": {
            "accuracy": 0.4105263157894737,
            "n": 95,
            "n_correct": 39
          },
          "Pathology": {
            "accuracy": 0.5698924731182796,
            "n": 93,
            "n_correct": 53
          },
          "Social & Preventive Medicine": {
            "accuracy": 0.5227272727272727,
            "n": 88,
            "n_correct": 46
          },
          "Biochemistry": {
            "accuracy": 0.627906976744186,
            "n": 86,
            "n_correct": 54
          },
          "Physiology": {
            "accuracy": 0.5942028985507246,
            "n": 69,
            "n_correct": 41
          },
          "Microbiology": {
            "accuracy": 0.43859649122807015,
            "n": 57,
            "n_correct": 25
          },
          "Forensic Medicine": {
            "accuracy": 0.42857142857142855,
            "n": 49,
            "n_correct": 21
          },
          "Ophthalmology": {
            "accuracy": 0.47619047619047616,
            "n": 42,
            "n_correct": 20
          },
          "ENT": {
            "accuracy": 0.3888888888888889,
            "n": 36,
            "n_correct": 14
          },
          "Anaesthesia": {
            "accuracy": 0.3076923076923077,
            "n": 26,
            "n_correct": 8
          },
          "Radiology": {
            "accuracy": 0.45454545454545453,
            "n": 22,
            "n_correct": 10
          },
          "Skin": {
            "accuracy": 0.5384615384615384,
            "n": 13,
            "n_correct": 7
          },
          "Orthopaedics": {
            "accuracy": 0.5,
            "n": 12,
            "n_correct": 6
          },
          "Psychiatry": {
            "accuracy": 0.6363636363636364,
            "n": 11,
            "n_correct": 7
          },
          "Unknown": {
            "accuracy": 0.0,
            "n": 1,
            "n_correct": 0
          }
        }
      },
      "test_ood": {
        "accuracy": 0.5333857030636292,
        "parse_success_rate": 0.9992144540455616,
        "n": 1273,
        "n_correct": 679,
        "n_parsed": 1272
      }
    },
    "gemma-3-4b-it-qlora-finetune": {
      "test_id": {
        "accuracy": 0.4494596312778131,
        "parse_success_rate": 0.9694850603941513,
        "n": 1573,
        "n_correct": 707,
        "n_parsed": 1525,
        "by_subject": {
          "Dental": {
            "accuracy": 0.43820224719101125,
            "n": 178,
            "n_correct": 78
          },
          "Pediatrics": {
            "accuracy": 0.39263803680981596,
            "n": 163,
            "n_correct": 64
          },
          "Gynaecology & Obstetrics": {
            "accuracy": 0.4657534246575342,
            "n": 146,
            "n_correct": 68
          },
          "Medicine": {
            "accuracy": 0.43661971830985913,
            "n": 142,
            "n_correct": 62
          },
          "Pharmacology": {
            "accuracy": 0.5403225806451613,
            "n": 124,
            "n_correct": 67
          },
          "Surgery": {
            "accuracy": 0.39166666666666666,
            "n": 120,
            "n_correct": 47
          },
          "Anatomy": {
            "accuracy": 0.4421052631578947,
            "n": 95,
            "n_correct": 42
          },
          "Pathology": {
            "accuracy": 0.5483870967741935,
            "n": 93,
            "n_correct": 51
          },
          "Social & Preventive Medicine": {
            "accuracy": 0.4090909090909091,
            "n": 88,
            "n_correct": 36
          },
          "Biochemistry": {
            "accuracy": 0.4186046511627907,
            "n": 86,
            "n_correct": 36
          },
          "Physiology": {
            "accuracy": 0.5072463768115942,
            "n": 69,
            "n_correct": 35
          },
          "Microbiology": {
            "accuracy": 0.42105263157894735,
            "n": 57,
            "n_correct": 24
          },
          "Forensic Medicine": {
            "accuracy": 0.4897959183673469,
            "n": 49,
            "n_correct": 24
          },
          "Ophthalmology": {
            "accuracy": 0.47619047619047616,
            "n": 42,
            "n_correct": 20
          },
          "ENT": {
            "accuracy": 0.5833333333333334,
            "n": 36,
            "n_correct": 21
          },
          "Anaesthesia": {
            "accuracy": 0.23076923076923078,
            "n": 26,
            "n_correct": 6
          },
          "Radiology": {
            "accuracy": 0.45454545454545453,
            "n": 22,
            "n_correct": 10
          },
          "Skin": {
            "accuracy": 0.38461538461538464,
            "n": 13,
            "n_correct": 5
          },
          "Orthopaedics": {
            "accuracy": 0.5,
            "n": 12,
            "n_correct": 6
          },
          "Psychiatry": {
            "accuracy": 0.45454545454545453,
            "n": 11,
            "n_correct": 5
          },
          "Unknown": {
            "accuracy": 0.0,
            "n": 1,
            "n_correct": 0
          }
        }
      },
      "test_ood": {
        "accuracy": 0.49803613511390415,
        "parse_success_rate": 0.9968578161822467,
        "n": 1273,
        "n_correct": 634,
        "n_parsed": 1269
      }
    },
    "medgemma-4b-it": {
      "test_id": {
        "accuracy": 0.5664335664335665,
        "parse_success_rate": 0.9980928162746344,
        "n": 1573,
        "n_correct": 891,
        "n_parsed": 1570,
        "by_subject": {
          "Dental": {
            "accuracy": 0.449438202247191,
            "n": 178,
            "n_correct": 80
          },
          "Pediatrics": {
            "accuracy": 0.5828220858895705,
            "n": 163,
            "n_correct": 95
          },
          "Gynaecology & Obstetrics": {
            "accuracy": 0.4794520547945205,
            "n": 146,
            "n_correct": 70
          },
          "Medicine": {
            "accuracy": 0.5492957746478874,
            "n": 142,
            "n_correct": 78
          },
          "Pharmacology": {
            "accuracy": 0.7258064516129032,
            "n": 124,
            "n_correct": 90
          },
          "Surgery": {
            "accuracy": 0.5916666666666667,
            "n": 120,
            "n_correct": 71
          },
          "Anatomy": {
            "accuracy": 0.5263157894736842,
            "n": 95,
            "n_correct": 50
          },
          "Pathology": {
            "accuracy": 0.6989247311827957,
            "n": 93,
            "n_correct": 65
          },